BTC,bitcoin
ETH,ethereum
USDT,tether
BNB,binance-coin
XRP,ripple
USDC,usdc
SOL,solana
OKB,okb
ADA,cardano
DOGE,dogecoin
TRX,tron
LINK,chainlink
TON,tokamaknetwork
DAI,dai
MATIC,matictoken
DOT,polkadot100
WBTC,wrapped-bitcoin
LTC,litecoin
BCH,bitcoin-cash
SHIB,shibainu
TUSD,true-usd
AVAX,avalanche
LEO,leotoken
XLM,stellar
UNI,uniswap
XMR,monero
ATOM,cosmos
ETC,ethereum-classic
BUSD,binanceusd
HBAR,hederahashgraph
FIL,filecoinnew
APT,aptos
LDO,lidodaotoken
ICP,dfinity
CRO,crypto-com-chain
MKR,maker
VET,vechaincom
QNT,quant
AAVE,aave-new
NEAR,nearprotocol
OP,optimism
ARB,arbitrum
INJ,injectiveprotocol
GRT,graph
STX,blockstack
BSV,bitcoin-cash-sv
RNDR,rndrtoken
RUNE,thorchain
ALGO,algorand
AXS,axieinfinity
IMX,immutablex
EGLD,elrond
SNX,synthetix-network-token
EOS,eos
XTZ,tezos
SAND,thesandbox
XDC,xinfin
THETA,thetatoken
FTM,fantom
MANA,decentraland
NEO,neo
PAXG,paxgold
MINA,minaprotocol
GUSD,geminidollar
FLOW,flow
XEC,ecash
GT,gatechaintoken
CFX,confluxtoken
CHZ,chiliz
OCEAN,ocean-protocol
PEPE,spartanprotocol
USDP,paxosstandard
RPL,rocketpoolnet
FDUSD,first-digital
MIOTA,iota
GALA,gala
ZEC,zcash
FXS,frax-share
KCS,kcs
DYDX,dydxexchange
TWT,trustwallet
CRV,curve
KLAY,klaytn
GMX,gmx
APE,apecoin-com
FTT,ftx-token
SUI,sui
WOO,wootrade
BTT,bittorrent-new
HT,ht
LUNC,terra
FLOKI,floki-inu
COMP,compound
WEMIX,wemix
NEXO,nexo
ROSE,oasislabs
NFT,global-fan-token
DASH,dash
ZIL,zilliqa
AR,arweave
QTUM,qtum
1INCH,1inchtoken
BAT,basic-attention-token
SFP,safepal
MASK,masknetwork
AGIX,agix
FET,fetchai
CAKE,pancakeswap
BABYDOGE,babydoge
KAVA,kava
JST,justgov
WLD,world-coin
MX,mxtoken
ENJ,enjin-coin
ASTR,plasm
GNO,gnosis-gno
LUNA,luna-new
XEM,nem
BTG,bitcoin-gold
LRC,loopring
TRB,tellor
ELF,aelf
CELO,celo
TFUEL,thetafuel
ENS,ethereumnameservice
CVX,convex-finance
BLUR,blur
HOT,holo
GMT,gomining-token
IOTX,lotex
ANKR,ankr
T,threshold-network
HNT,hnt
GLM,golem-network-tokens
YFI,yearnfinance
MC,magic-crystal
RVN,ravencoin
DCR,decred
PENDLE,pendlefinance
BAND,bandprotocol
ICX,icon
ZRX,0x
WAVES,waves
ANT,aragon
WAXP,wax
SEI,sei-network
OKT,okexchaintoken
LPT,livepeer
KUB,bitkubcoin
JASMY,jasmy
SC,siacoin
ONT,ont
ILV,iiiuvium
AUDIO,audius
BAL,balancer
LOOM,loom-network
ORBS,orbs
POLYX,polymesh
TOMO,tomochain
SXP,swipe
KSM,kusama
BONE,bone-shibaswap
HIVE,hiveio
STORJ,storj
LQTY,lqty
BICO,biconomy
GLMR,glimmer
ONE,one
OSMO,osmosis
IOST,iost
ETHW,ethw
SUSHI,sushi
TRIBE,tribe
SSV,ssv-network
KNC,kyber-network
TOMI,tomi-com
ZEN,zencash
KDA,kadena
CKB,nervosckb
POWR,power-ledger
MAGIC,magic
STRAX,strax
STPT,stpt
FLR,flarenetworks
SKL,skalenetwork
RIF,rif
DGB,digibyte
LSK,lisk
FLUX,zelnetwork
SNT,status
CTSI,cartesi
UMA,uma
ACH,alchemypay
CELR,celernetwork
PYR,vulcan-forged
USTC,terrausd
TKO,tko
TRAC,trac
PUNDIX,pundi-x-2
API3,api3
RSR,rsr
KEEP,keepnetwork
C98,coin98
STG,stargate-finance
ELON,dogelon-mars
PLA,velorex
MOB,mobilecoin
wNXM,wrappednxm
ARK,ark
RACA,radiocaca
RBN,ribbon-finance
STEEM,steem
MTL,metal
XNO(NANO),raiblocks
ID,everest
CVC,civic
NMR,numeraire
BLZ,bluzelle
XVS,xvs
JOE,traderjoe
DEXE,dexe
ARDR,ardor
VTHO,vethor-token
RLC,rlc
NYM,nym
IQ,everipedia
YGG,yield-guild-games
CHR,chromia
OMG,omisego
PROM,prometeus
EDU,open-campus
BNT,bancor
POND,marlin
RAD,radicle
DENT,dent
REQ,request-network
STMX,storm
BNX,binaryx
OXT,orchid
RON,ronin
SLP,smalllovepotion
AMP,amp
QKC,quarkchain
OGN,origintoken
DODO,dodo
NKN,nkn
CYBER,cyberconnect
SUN,sunnew
SYS,syscoin
WIN,winkorg
MNW,morpheus-network-mnw
PHA,phala
ALPHA,alphafinancelab
GTC,b-cube-ai
HIGH,highstreet
XVG,verge
PEOPLE,constitutiondao
SCRT,secretnetwork
HIFI,hifi-finance-v2
LINA,linearfinance
HFT,hashflow
CEL,celsius
VRA,verasity
ARPA,arpa
MBL,moviebloc
PERP,perp
MAV,maverick-protocol
MDX,mdex
ARKM,arkham
EVER,ton-crystal
ALICE,alice
AGLD,adventure-gold
MBOX,mobox
CORE,cvault-finance
COTI,coti
AERGO,aergo
UNFI,unifiprotocoldao
SPELL,spell-token
DUSK,dusk-network
ALI,ali-token
BTM,bytom
FX,function-x
SYN,synapse-2
FUN,funfair
REN,republic-protocol
BADGER,badger-dao
GAL,galatasarayfantoken
BETA,betafinance
WSM,wallstmemes
WRX,wrxtoken
GODS,godsunchained
FORTH,ampleforth-governance-token
HOOK,hooked-protocol
FLM,flamingo
RAY,raydium
CTK,certik
GHST,aavegotchi
ONG,ong
HUNT,hunt
AUCTION,auction
STARL,starlinkcom
XYO,xyo-network
TLM,trilium
GAS,gas
TRU,truefi
ACA,acalanetwork
CTC,creditcoin
BAKE,bakeryswap
RSS3,rss3
CUSD,celo-dollar
GRS,groestlcoin
AURORA,aurora-dev
LEVER,leverfi
BEL,bella
NEON,neon
LAT,platon
WAN,wanchain
DAR,mines-of-dalarnia
SUPER,superfarm
MLN,melon
ATA,automata
SDAO,singularitydao
MOVR,moonriver
VGX,bitquence
IDEX,idex
RLY,rly
REEF,reef
ETN,electroneum
PHB,phoenix-global-new
FRONT,frontier
BOND,barnbridge
MDT,mdt
RAMP,ramp
IRIS,irisnet
WMT,world-mobile-token
LADYS,milady-meme-coin
KMD,komodo
ERN,ethernity-chain
LCX,lcx
CTXC,cortex
BTS,bitshares
ROUTE,routerprotocol
KEY,selfkey
CREAM,creamfinance
AVA,ava
LIT,litentry
RARE,superrare
MULTI,multichain
POLS,polkastarter
AQT,alphaquarktoken
UTK,utrust
DIA,diadata
BIFI,bifi
AKRO,akropolis
TORN,tornadocash
ALCX,alchemix
MONA,monavale
ASM,assemble
TVK,terravirtua
LTO,lto-network
BLOK,bloktopia
DATA,streamr-datacoin
CLV,cloverfinance
ELA,elastos
PRO,propy
REI,rei-network
BAR,fcbarcelonafantoken
ALPACA,alpaca-finance
COS,ost
NEST,nestprotocol
BIGTIME,bigtime
QUICK,quickswap
QI,benqifi
WING,wing
ORN,orionprotocol
BOSON,bosonprotocol
OG,ogfantoken
ADX,adx-net
TROY,troy
DNT,district0x
DEGO,degofinance
NULS,nuls
FIRO,zcoin
BOBA,boba-network
KP3R,keep3rv1
PSG,psg
YFII,yfii
ALPINE,alpine-f1
DC,dogechain
CITY,manchester-city-fan-token
TLOS,telos
SWEAT,sweatcoin
VOXEL,voxies
XCN,chain-new
VLX,velas
FARM,harvestfinance
FIS,stafi
GFT,gifto
MXC,mxc
BURGER,burgerswap
CHESS,tranchess
FIO,fioprotocol
HARD,harvest
LOKA,leagueofkingdoms
OM,mantradao
AST,airswap
PIVX,pivx
FOR,for
VOLT,volt-inu-v2
LAZIO,lazio-fan-token
REV,revain
DF,df
DOCK,dock
FSN,fusion
AMB,amber
RARI,rarible
VITE,vite
OAX,oax
ACM,ac-milan-fan-token
EPS,ellipsis
PORTO,fc-porto
BAX,babb
SANTOS,santos-fc-fan-token
WTC,walton
DREP,drepnew
JUV,juventusfantoken
SOLVE,solve
INV,inversefinance
NCT,polyswarm
VIB,viberate
NIM,nimiq
PPC,peercoin
ATM,atm
TIME,xactrewards
BCD,btcd
SWAP,trustswap
CVP,powerpool
PLU,pluton
SRM,flappy-moonbird
PNT,pnetwork
PRQ,parsiq
OOKI,ooki-token
GST,privapp-network
REVV,revvmotorsport
PERL,perlin
TAMA,tamadoge
KRL,kryll
QRL,quantum-resistant-ledger
LOOKS,looksrare
AURY,aurory
BZRX,bzxprotocol
ABT,arcblock
DG,decentralgames
REP,augur
AE,aeternity
SUKU,suku
MAN,matrix-ai-network
SWTH,switcheo
OCT,emercoin
DBC,deepbrain-chain
QSP,quantstamp
POLYDOGE,polydoge
SNC,suncontract
PART,particl
QASH,qash
BTCST,btcstnew
AVT,aventus
CTX,cryptex-finance
BEAM,beam
LBC,library-credit
NAV,nav-coin
MITX,morpheus-labs
TCH,tigercash
PROB,probittoken
ANC,anchorprotocol
MTH,monetha
DRGN,dragonchain
VSYS,vsystems
LCC,litecoin-cash
HC,hypercash
GAME,gamestarter
BRWL,blockchain-brawlers
PAY,tenx
LAMB,lambda
PPT,populous
BWO,battle-world
BLK,blackcoin
CND,cindicator
SERO,super-zero
NXT,nxt
FITFI,step-app-fitfi
HPY,hyperpay
XPM,primecoin
ASTRO,cryptaur
PSTAKE,pstake-finance
ACT,achain
ZBC,zebec-protocol
BFT,brazil-national-football-team-fan-token
BLOCK,blocknet
BRD,bread
CS,credits
GARI,gari
ONION,deeponion
WLKN,walken
DCN,dentacoin
MIR,mir-coin
WICC,waykichain
KMA,calamarinetwork
AION,aion
AUTO,autofarm
HMQ,humaniq
SOS,open-dao
NEBL,neblio
LYM,lympo
RCN,ripio-credit-network
NAS,nebulas
SRN,sirin-labs-token
BTX,bitcore
MITH,mith
BRT,bikerush
VIA,viacoin
GNX,genaro
SUMO,sumokoin
RDN,raiden-network-token
OCN,odyssey
MDA,moeda-loyalty-points
HPB,hpb
EZ,ez
SKY,base-protocol
LOVE,deesse
CMT,cybermiles
MOVEZ,movez
RUFF,ruff
BIX,bixtoken
VIBE,vibe
NBS,newbitshares
INXT,internxt
BTO,bottos
FODL,fodl-finance
MDS,medishares
UIP,unlimitedip
UPI,pawtocol
WELL,moonwell-well
REF,ref-finance
STC,starcoin-stc
COFI,coinfi
RISE,rise
FACE,facedao
SNM,sonm
ENG,enigma-project
ORION,orionmoney
DOSE,dose
EXRN,exrnchain
XETA,xana
IHT,iht-real-estate-protocol
PST,primas
ZSC,zeusshield
EVX,everex
REM,remme
PKT,playkey
POE,poet
SOLR,solrazr
RANKER,rankerdao
ATK,attack-wagon
MAT,my-master-war
HERA,hero-arena
TAUR,marnotaur
SHOE,shoefy
KOL,kollect
BP,beyond-protocol
OLAND,oceanland
YOYOW,yoyow
WLUNA,wrapped-luna-token
NIFTSY,envelop
BRC,baerchain
SNGLS,singulardtv
KNG,kanga-token
GVT,genesis-vision
VIDT,v-id
BANCA,banca
DAC,davinci
MCONTENT,mcontent
BRKL,brokoli-network
APPC,appcoins
HSF,hillstone-finance
HTDF,orientwalt
CUBE,somniumspace
CPC,cpchain
WND,wonderhero
BETH,beaconeth
ZCC,zccoin
NINJA,ninja-protocol
MUSD,mstableusd
SMT,smartmesh
INDI,indigg
ITCOLD,iotchain
LUN,lunyr
WABI,wabi
BIKI,bikitoken
DLT,agrello-delta
NEW,newton
WE,webuy
AGI,delysium
IPL,insurepal
VRC,vericoin
DMT,spores-network
EKO,echolink
MTX,matryx
IPC,ipcchain
BASH,luckchain
BDG,bitdegree
WWY,weway
KST,ksm-starter
MESA,metavisa-protocol
WAG,waggle-network
HLM,helium
STRP,strips-finance
TRUE,truechain
CXO,cargox
ZLA,zla
EGT,egretia
BEET,beetle-coin
XBT,xbt
CVN,consciousdao
ZT,zt
TORII,torii-finance
RNT,oneroot
WT,wbftoken
wCFG,wrapped-centrifuge
FCT,firmachain
HE,heroes-and-empires
TNT,tierion
BERRY,berry
BCPT,blockmason
XUC,exchange-union
STETH,lido
BQT,bqt
CELT,celestial
TNB,timenewbank
EVRY,evrynet
POC,powercandy
EKT,ekt8
TCT,tokenclub
TTK,the-three-kingdoms
TOPC,topc
EXY,experty
GRO,gro-dao-token
DTA,data
BOT,starbots
FP,flowpay
SHIT,shit
XAS,asch
WPR,wepowernetwork
INK,ink
DNA,mvsdna
PINKM,pinkmoon
SENT,sentinel
ETHDOWN,eth-down
JOY,drawshop-kingdom-reverse
SKEB,skeb-coin
BLOC,blockcloud
DES,despace-protocol
CHAT,chatcoin
METAX,meraversex
BHD,bitcoinhd
TUP,tenup
BHP,bhpcash
TEP,tepleton
RICE,daosquare
DMLG,demole
ECA,electra
BT,bituantoken
SWM,swarm-fund
FEG,feg-token
EGX,enegra-egx
WTRX,wrapped-tron
ISLM,islamic-coin
YOUC,youcash
BZR,bazaars
BTCB,bitcoinbep2
HEX,hex
HBTC,hbtc
FLZ,fellaz
KAS,kaspa
FRAX,frax
CHEEL,cheelee
WBNB,wrappedbnb
WBT,whitebit-token
BIT,bitdao
USDD,decentralized-usd-trx
BGB,bitgettoken
RLB,rollbit-coin
XRD,radix
XAUT,tethergold
BTTOLD,bittorrent
FEI,fei
CSPR,casper
CRED,cred-coin-pay
SUSD,susd
GGP,geegoopuzzle
USDJ,juststablecoin
LUSD,liquity
CFC,cfcproject
XT,xttoken
XCH,chianetwork
AKT,akash
POLY,polymath-network
FLEX,coinflex
DFI,defichain
FUD,fud
BORG,swissborg
BDX,beldex
CDT,coindash
FTN,fasttoken
FNSA,lineblockchain
OMI,ecomicolle
XYM,symbol
MLK,mlk
BITCOIN,bitcoin-erc20
LTNM,bitcoin-latinum
AZERO,aleph-zero
EURS,stasis-eurs
CEM,crypto-emergency
UOS,ultra
SURE,insure
GNS,gains-network
RENBTC,renbtc
BORA,bora
BEST,bitpanda
CANTO,canto
SAFE,anwang
ORDI,ordi
PEG,pegnet
TEL,telcoin
SDEX,smardex
EFI,efinity
LYXe,lukso
DKA,dkargo
DESO,decentralized-social
CQT,covalent
YU,bountykinds
VVS,vvs-finance
NIK,nikplace
WOJ,wojak-finance
MAID,maidsafecoin
BTF,bitcoinfaith
CET,coinextoken
DAO,daomaker
XIN,mixin
VEGA,vegaprotocol
KAU,gold-kau
RDNT,radiant-capital
KAG,silver
METFI,metfi2
MED,medibloc
IBC,ibc
NTRN,neutron-ntrn
BRISE,bitrise-token
XSGD,xsgd
UNIBOT,unibot
BFC,bfc
OUSD,origindollar
QTF,quantfury
METIS,metistoken
BTRST,braintrust
AETH,ankreth
ERG,ergoplatform
META,metadium
PRIME,parallel-prime
AMPL,ampleforth
ONUS,onus
VAI,vaiot
SPH,spheroid-universe
SSX,somesing
ATOR,airtor-protocol
LIMO,limoverse
ECS,ecredits
USDN,dollarneutrino
CBK,cobak-token
PSP,paraswap
CRE,carry
MANC,mancium
NDCC,nasdac-crypto
EWT,energyweb
PLANET,planettoken
VERI,veritaseum
WXT,wirex
SAITAMA,saitama-inu
MCT,metacraft
ORC,orbitchain
DVF,deversifi
NU,nucypher
ANY,anyswap
DEXT,dextools
TT,thundercore
XWC,whitecoin
VRSC,veruscoinio
ABBC,alibabacoin
STRK,strike
AXEL,axel
TWELVE,twelve-zodiac
SOLO,sologenic
SFTMX,stader-sftmx
RVF,rocket-vault
DERO,dero
COMBO,combo
MCB,mcdex
EURT,tethereur
CCD,concordium
MTRG,meter
ETHS,ethscriptions
DAG,constellation
SFUND,seedify-fund
ULT,ultiledger
CEEK,ceek-vr
DPI,defipulseindex
AVINOC,avinoc
UQC,uquid-coin
DXD,dxdao
GAFI,gamefi
ORAI,oraichain-token
SGB,songbird
LOCUS,locus-chain
ASD,btmx
SBD,steem-dollars
BAD,bad-idea-ai
UPP,upptoken
CHNG,chaingefinance
BONK,bonkcoin
TRIAS,triastoken
ZGD,zambesigold
LEASH,doge-killer
MOC,mossland
ARRR,pirate-chain
CLNX,coloniume-network
XCAD,xcad
BSW,biswap
ZEON,zeon
KIN,kin
BTY,bityuan
KLV,klever
eXRD,eradix
PRI,privateum
XPRT,persistence
QRDO,qredo
MFT,mainframe
ALT,alitastech
VARA,vara-network
EUL,euler-finance
KAI,kardiachain
IMGNAI,image-generation-ai
POLIS,polisdao
MPL,maplefinance
UFO,ufo-gaming
BCX,bcx
TPT,tokenpocket
SHT,sht
KSP,klayswap
BITCI,bitcicoin
KISHU,kishu-inu
ALU,altura
QUACK,richquack-com
FUC,funny-coin
LON,tokenlon
APX,apollox
GF,guildfi
NTX,nunet
AIDOGE,arbdoge
AHT,ahatoken
CEUR,celo-euro
BIDZ,bidz-coin
GXC,gxshares
BMX,bitmarttoken
HEZ,hermez
EGC,evergrow-coin
ATLAS,star-atlas
SOMM,sommelier
GRIMACE,grimace-coin
CON,conun
ALEX,alex-lab
PLT,plt-token
OPUL,opulous
$BANK,firstrepublic
CENNZ,centrality
OPTIMUS,optimus-ai
ASPC,astropup-coin
YLD,yieldapp
FIDA,bonfida
MSOL,marinade
GYEN,gyen
WNCG,wncg
TARA,taraxa
MVL,mass-vehicle-ledger
METAL,metal-blockchain
YOOSHI,yooshi
VELO,velodrome-finance
ZNN,zenon
CAPS,coin-capsule
ALEPH,alephim
DERC,deraceio
RMRK,rmrk
NMC,namecoin
HDOT,huobi-polkadot
MAP,marcopoloprotocol
MNTC,minati-coin
BTU,btu-protocol
VEXT,veloce
U,unidef
ADS,adshares
DNX,dynex
XEN,xen-crypto
AQTIS,aqtis
MNGO,mangomarkets
BEN,bencoineth
VALI,valimarket
ORCA,orca
FRA,findora
XPR,proton
SX,sx-network
MOG,mog-coin
NOIA,syntropy
OAS,oasys
PROPC,propchain
NXRA,allianceblock
METRO,metropoly
BZZ,ethereumswarm
SPS,splinterlands
SNEK,snek
SD,stader
NFAI,not-financial-advice
SAITO,saito
BIDR,binanceidr
VXV,vectorspace
HERO,metahero
MLT,milc-platform
CCGDS,ccgds
SDN,shidennetwork
HAI,hackentoken
KILT,kiltprotocol
VEED,veed
TPY,thrupenny
SPURS,tottenham-hotspur
SAMO,samoyedcoin
ARC,arc
PEPE2.0,pepe-2-0
RFOX,redfox-labs
LOTUS,the-white-lotus
THN,throne
CUDOS,cudos
FNCY,itam-cube
LBR,lybra-finance
HYDRA,hydra
WBX,wibx
CAST,castello-coin
UNCX,ucnx
CRETA,creta
GTN,glitzkoin
HTR,hathor
PALM,palmpay
HOPR,hopr
COVAL,circuits-of-value
BIM,bim
SOV,sovryn
EPX,ellipsis-2
AIOZ,aioz-network
ICHI,ichifarm
PAR,parallel
MET,metronome
POGAI,poor-guy
UBT,unibright
TABOO,taboo-token
WOZX,efforce
GFI,goldfinch
DMD,diamond
MUTE,mute
LOOP,loopnetwork
EVMOS,evmos
PIT,pitbullcommunity
MWC,mwc
NUM,numbers-protocol
AA,alva
CAL,calcium
PRE,presearch
FCF,french-connection-finance
GET,get-protocol
XNC,xenioscoin
GSX,goldsecuredcurrency
BISC,bidao-smart-chain
NVIR,nvirworld
FOAM,foam
INTER,inter-milan-fan-token
ZANO,zano
HNS,handshake
DACXI,dacxi
SOCKS,unisocks
JUNO,juno
PNK,kleros
LA,latoken
SIDE,side-xyz
RBX,rabbitx
WOJAK,wojak
ARIA20,arianee-protocol
AMO,amo-coin
SHIDO,hasaki
STOS,stratos
IDRT,rupiahtoken
KINBA,kingsinba
VAL,validity
HEDG,hedgetrade
POOLX,poolx-finance
MCADE,metacade
BBC,bull-btc
BLP,bullperks
CRU,crust
QTCON,qtcon
DIS,distoken
AKITA,akita-inu
PLAY,play-token
GBYTE,byteball
CGL,crypto-gladiator-shards
BSCPAD,bscpad
VR,victoria-vr
EGG,nestree
FUSE,fuse-network
EQUAD,quadrantprotocol
NFTX,nftx
PLEX,mineplex
KAN,kan
HEGIC,hegic
SHPING,shping
RVP,revolution-populi
NWC,newscrypto
ETHG,ethereum-gold-token
SOUL,phantasma
PROS,pros
DIVI,divi
TURBO,turbo
DVI,divisionnetwork
TKP,tokpie
TRYB,bilira
STARS,honest
XCP,counterparty
CRTS,cratos
MONDAY,mondayclub
RAI,rai
LYO,lyo-credit
CHEX,chex-token
ECELL,ecell
NOW,changenow
FOX,shapeshift
MASQ,masq
SOFI,rai-finance-sofi
SQUID,squid-game
RGT,rgt
OBSR,observer
ZKS,zkswap
LIQ,liquidus
RET,renewable-energy-token
APM,apmcoin
TOKEN,tokenfi
MATH,math
PKF,polkafoundry
UFT,uft
MAX,max-exchange-token
ASR,asr
KALM,kalmar
PUSH,ethereum-push-notification-service
DLC,diamond-launch
KAR,karura
KDAG,kdag
GRAIL,camelot-token
SIX,sixnetwork
ASTA,asta
SPC,spacechain
VEE,blockv
VERSE,getverse
SIDUS,sidus-heroes
BAN,banano
VBIT,valobit
XTP,tap
$MONG,mongcoin
MMIT,mangoman-intelligent
DHB,dehub
TEMCO,temco
RAE,rae
LBK,lbanktoken
EGRN,energreen
HAPI,hapi
IDIA,impossible-decentralized-incubator-access
MDAO,marsdao
SBIO,vector-space
MV,gensokishis-metaverse
QLC,qlink
SBTC,supersbtc
CATGIRL,catgirl
BIOT,biopassport
UCO,uniris
CBG,chainbing
PIB,pibble
SPA,sperax
VALOR,valor-token
XMC,monero-classic
NCDT,nucocloud
CPOOL,clearpool
TRIBL,tribal-credit
EGOLD,egold-token
XDAG,dagger
WIKEN,projectwith
EL,elysia
TOKE,tokemak
USP,uspc
CTG,jp-token
DAD,dad
WTK,wadzpay-token
SENSO,sensorium
Shiryo-Inu,shiryo-inu
ES,era-swap
AGRS,agoras-tokens
PHX,phoenix
DEP,deapcoin
SPIRIT,spiritswap
BEPRO,betprotocol
ECOX,ecox
HOGE,hoge-finance
FORT,forta
DFA,define
GO,gochain
PDEX,polkadex
BCN,ton
MIX,mixmarvel
NYE,newyork-exchange
GRV,grove-coin-v2
ARIX,arix
LSS,lossless
DPR,deepernetwork
CELL,cellframe
DX,dxchain
SCP,scprime
MVC,mileverse
POLA,polaris-share
STRM,stream-coin
GRC,gridcoin
WHALE,whale
PEAR,pear-swap
LPNT,luxurious-pro-network-token
SWFTC,swftcoin
KASTA,kasta
BTZ,bitazza
FEVR,fevr
RAINI,rainicorn
BDI,basketdao-defi-index
BOB,bob1
USD,dollars
DSLA,dslaprotocol
PAW,pawswap
MYRIA,myria
ZCN,0chain
LOC,lockchain
HAM,hamster
BTR,btrips
EPIK,epikprime
PZM,prizm
BIBI,bibi
XTM,torum
FUND,1eco
LCS,local-coin-swap
FT,fracton
OOE,openocean
IGNIS,ignis
BDP,big-data-protocol
SLIM,solanium
DAFI,dafiprotocol
ASK,permission
MTV,multivac
EXFI,flare-finance
SHFT,shyftnetwork
FEY,feyorra
OVR,ovr
CIV,civilization
GND,gnd-protocol-gnd
BABY,babyswap
ARV,ariva
OXEN,loki
BTSE,btse
BOTTO,botto
Cheems,cheems-token
GENE,genopets
OGV,origin-dollar-governance
CRPT,crypterium
CGPT,chaingpt
BIGB,bighbull
FRM,ferrumnetwork
RADAR,dappradar
PNG,pangolin
XPX,proximax
GHX,gamercoin
GMCOIN,gmcoin
XLN,lunaone
SALT,salt
VELA,vela-token
OFN,openfabric
BF,bitforex
VSP,vesperfinance
$SPONGE,sponge
XDAI,xdai
TRA,trabzonsporfantoken
TENET,tenet-protocol
DHT,dhedge
MFPS,meta-fps
SAN,santiment
BLY,blocery
CETF,cetf
BITCNY,bitcny
NCR,neos-credits
NEXT,connext
GMEE,gamee
CAS,cashaa
CETUS,cetus-token
GNY,gny
ZIG,zignaly
TONE,te-food
SKEY,smartkey
HEART,humans
RING,darwinianetwork
VMPX,vmpx
SHX,stronghold-token
TREEB,retreeb
VTC,vertcoin
AIMEME,aimeme-token
SWITCH,switch-reward-card
NRG,energi
AURA,aura-finance
4CHAN,4-chan-token
GUAC,guac
XHV,haven-protocol
EDC,earndeficoin
XED,exeedme
MEME,degenerator-meme
XEP,electra-protocol
SAMA,exosama-network
DOGZ,dogzcoin
XCHF,cryptofranc
OXY,oxygen
XEND,xendfinance
NEER,bitcountry-pioneer
MOBI,mobius
BOBO,bobo-coin
ISIKC,isiklarcoin
BIOP,biop
DIP,dip
CSC,casinocoin
TALK,talken
DEFIT,defit
MTA,meta
CRP,crypton
MUSE,muse
MYST,mysterium
RLTM,reality-metaverse
IHC,inflation-hedging-coin
XMON,oxmons
OOKS,onooks
ADP,adappter-token
SHR,sharering
SOLX,solarx
XDEFI,xdefi
XFC,footballcoin
EVZ,electric-vehicle-zone
BOA,bosagora
HI,hi-dollar
YCC,yuanchaincoin
URUS,urus
UMB,umbrella-network
GOVI,govi
KARATE,karate-combat
KAT,karat-coin
ETHEREUM,harrypottertrumpeth
SYLO,sylo
BIP,minternetwork
MAPS,mapsmetoken
GRG,rigoblock
NXDT,nxd-next
DIO,decimated
PIKA,pika-protocol
NVT,nerve
SIGNA,signa
MENGO,flamengo-fan-token
4TOKEN,ignore-fud
OSHI,oshi
NXS,nexus
PI,pchainorg
CVNT,cvnt
AMON,amond
NAP,napoli-fan-token
MVX,metavault-trade
CGU,crypto-gaming
GTON,graviton
SCS,solcasino-token
DGX,digix-gold-token
GRUMPYCAT,grumpy-cat
POLK,polkamarkets
GRIN,grin
ROOBEE,roobeeplat
BOR,boringdao
BAAS,baasid
LTX,lattice
BLZE,blaze-token
MFET,multifunctional
B2M,bit2me-token
X2Y2,x2y2
DFYN,dfyn-network
JGN,juggernaut
ABYSS,the-abyss
$B20,b20-brc20
AFC,arsenal-fan-token
MOOV,dotmoovs
LIME,ime-lab
PING,sonartoken
TKN,tokencard
MEVFREE,mevfree
KNK,kineko1
BIP1,bip1
DDX,derivadex
RDD,reddcoin
NBR,niobio-cash
BNC,bnc
CCASH,c-cash
K21,k21
DCB,decubate
BONDLY,bondly
FB,fenerbahce-token
AKTIO,akt-io
SFI,saffron-finance
BSL,bsl
YNG,young
GPX,gpex
TAROT,tarot
NVG,zktube
QR,qrolli
TFS,tfs-token
TKC,the-kingdom-coin
H2O,h2odao
CLO,callisto-network
LIGHT,light-defi
PXP,pointpay
00,p00ls
KORA,kortana
ELMO,elmoerc
INFRA,bware-labs
AOA,aurora
ZOO,zoo-coin
BANANA,apeswapfinance
HMR,homeros
POR,portugal-national
XAUR,xaurum
GSWAP,gameswap
CERE,cerenetwork
KROM,kromatika
PBR,polkabridge
OXBT,oxbt
CLORE,clore-ai
TYV,tyv-coin
BURN,burn
SHILL,project-seed
BSCS,bsc-station
YDF,yieldification
ELITE,ftm-guru
POSI,position-exchange
DYP,defiyieldprotocol
ZKP,panther-protocol
DERI,deri-protocol
BOLT,bolt
KOY,koyo
LAND,landshare-token
NOM,onomy-protocol
DOME,everdome
EXNT,exnetworktoken
JOB,jobchain
MINT,zkapes
XRT,robonomicsnetwork
GEEQ,geeq
ZYN,zynecoin
NGC,naga
VIDYA,team3d
CTI,clintexio
KONO,konomi-network
UTT,uttoken
MVI,metaverselndex
WHEE,whee
GLQ,graphlinq-protocol
FREE,unlucky-slug
IZI,izumi-finance
JUP,jupiter
KATA,katana-inu
CZZ,classzz
DHS,dhahab-sports
SCT,solclout
FANC,fanc
ZCX,unizen
PICKLE,picklefinance
DONS,the-dons
INSUR,insurace
VNLA,vnla
LAI(GPT),cryptogpt
PRISM,prism
SENATE,sidus-heroes-dao
BBANK,blockbank
KINE,kineprotocol
MARS,marscoin
UFC,ufc-fan-token
DUMB,dumb
FO,fibos
RTH,rotharium
BRG,bridgeoracle
PLSD,pulsedogecoin
HDAO,hyperdao
DPET,my-defi-pet
STAKE,staketoken
MOD,modefi
HZN,horizon-protocol
IVIP,ivipcoin
OLT,oneledger
NAC,nac
NALS,nals
CWT,cajutel
CLY,colony
ATRI,ataritoken
BNK,bankera
WOM,womprotocol
SHA,safehaven
BCDT,blockchain-certified-data-token
O3,o3-swap
GRAI,gravita-protocol
OMNIA,omniaverse
ILC,ilcoin
WOID,world-id-woid
RAM,ramses-exchange
SRK,sparkpoint
IDLE,idle
GAMES,gaming-stars
FLX,safereum
XOR,sora
WHITE,whiteheart
MRX,linda
BAJU,ajuna-network
KCT,konnect
LITH,lithium-finance
ZUSD,zusd
ZED,zed-run-token
MONIE,infiblue-world
RAZOR,razornetwork
SUTER,suterusu
PCX,chainx
TEN,tokenomy
PAINT,paint
LGCY,lgcynetwork
MNDE,mnde
ZIK,ziktoken
APL,apollo-currency
PAYU,platform-of-meme
IMO,imo
PEAK,peakdefi
NSBT,neutrino
TITAN,titanswap
SCCP,sc-corinthians-fan-token
XSPECTAR,xspectar
EDG,dvpn
CARD,cardstack
RBC,rubic
DAX,daex
GZONE,gamezone
RIBBIT,ribbit-meme
LAYER,unilayer
FFE,bountykinds-ffe-token
DDIM,duckdaodime
GRLC,garlicoin
XFT,offshift
KDOE(DOE),dogs-of-elon
KMON,kryptomon
TIPS,fedoracoin
ELCASH,electriccash
CR,crypto-rangers
DOGGY,doggy
JAM,geojam-token
VDG,veridocglobal
CRDC,cardiocoin
LIFE,life-crypto
METAV,metavpad
VCF,valencia-cf-fan-token
PAID,paidnetwork
COVER,safe2
ALY,ally
UNIVERSE,rarity-garden-unicorn-metaverse
DRM,dodreamchain
FEAR,fearnfts
XWG,x-world-games
SSE,smartshopp
SCLP,scallop
DOBO,dogebonk
PORNROCKET,pornrocket
PMON,polkamon
ZENIQ,zeniq
EMC2,einsteinium
HIBS,hiblocks
JULD,julswap
MINTME,mintme-com-coin
AIT,aichainnews
TOP,topnetwork
FARA,faraland
GINOA,ginoa
2DAI,2dai-io
SHOPX,splyt
IDNA,idena
GOC,eligma-token
SMI,safemoon-inu
POOH,pooh
ISP,lspolink
SHROOM,shroomfinance
ADAPAD,adapad
AZ,azbit
DFT,digifinextoken
PLR,pillar
ZMT,zipmex
WSG,wall-street-games
NYC,newyorkcoin
UNO,uno-re
KING,tradix
ARG,argentine-football
ASIA,asia-coin
AM,aston-martin-cognizant-fan-token
VEMP,vemp
THG,thetan-arena
MAHA,mahadao
PRX,parex
OWC,oduwa
SNFT,spain-national-fan-token
CRWNY,crowny
ANB,angryb
WDC,worldcoin
ETHPAD,ethpad
IDV,idavollnetwork
ETERNAL,cryptomines
LET,linkeye
AEON,aeon
FRTC,fart-coin
ROCK,pgala
GM,gm
SPFC,sao-paulo-fc-fan-token
MARO,ttc-protocol
EM,eminer
PINU,pi-inu
CGG,chain-guardians
DONUT,donutcom
XDB,digitalbits
PZP,playzap
DEC,decentr
VEX,eoscoin
BIST,bistroo
ESS,essentia
ATT,att
MBS,monkeyball
FLP,gameflip
UFI,purefi-protocol
HMND,humanode
DFL,defi-land
CWS,cws
SAIT,saittoken
CAJ,alfa-romeo-racing-orlen-fan-token
SAUBER,hakka-finance
HAKKA,everton-fan-token
EFC,kommunitas
KOM,baofinance
BAO,sarcophagus
SARCO,teh-fund
1ECO,gomoney
GOM2,digg
DIGG,publishtoken
NEWS,thorstarter
XRUNE,iguverse
IGU,planet
EOSC,yamfinance
YAM,acorn-protocol
ACN,helper-coin
HLPR,convergencefinance
CONV,atomic-wallet-coin
AWC,buying
BUY,leverj-gluon
L2,oddz
ODDZ,props
PROPS,hord
HORD,leisuremeta
LM,bankless-dao
BANK,wizardia
EROWAN,metaverse
ETP,professional-fighters
PFL,antimatterfinance
MATTER,the-peoples-coin-v2
PEEPS,olyseum
OLY,smartcredit-token
SMARTCREDIT,bitswift
BITS,mrtoken
MR,qatar-2022-token
FWC,vabble
VAB,mumu
MUMU,0xbtc
0XBTC,gamecom
BCUBE,only1
LIKE,reapchain
REAP,sandclock
QUARTZ,furucombo
FURUCOMBO,vnxexchange
VNXLU,nord-finance
NORD,aston-villa-fan-token
AVL,exmocoin
EXM,crust-storage-market
CSM,eveai
EVEAI,ktx-finance
KTC,degenreborn
DEGEN,solidus-ai-tech
AITECH,trend-x
TRENDX,txa
TXA,pepe-brc20
SPARTA,bird-money
BIRD,conceal
CCX,goztepe-sk-fantoken
GOZ,xai-corp
XAI,airbloc
ABL,unistake
UNISTAKE,piza
PIZA,rangers-protocol
RPG,shibavax
GMUSD,bmp
BMP,pumlx
PUMLX,boring
BORING,wonderland
XACT,bart-simpson-coin
BART,gsc
GSC,king-finance
TX,endor-protocol
EDR,zeroswap
ZEE,green-ben
EBEN,drife
DRF,iqeon
IQN,cropbytes
CBX,kripto-koin
KRIPTO,edgeless
DVPN,octofi
OCTO,defi-tiger
DTG,oraonetwork
ORAO,pando-token
PTX,banana-token
BNANA,towertoken
TOWER,signata
SATA,galvan
IZE,silent-notary
UBSN,nabox
NABOX,matrix-eth
MAGE,xmx
XMX,hokkaido-inu
HOKK,scarab-tools
DUNG,solareum-token
FMB,enecuum
ENQ,kok
KOK,beltfinance
BELT,euno
EUNO,labs-group
LABS,froggies-v2
FRGST,inpulsex-v2
IPX,kek
KEKE,paccoin
PAC,olea-token
OLEA,step-app
KCAL,zelwin
ZLW,chaintools
CTLS,klaycity
ORB,raptoreum
RTM,airight
AIRI,oceanex-token
OCE,tranche-finance
SLICE,dimitra
DMTR,loopring-neo
LRN,nft-art-finance
NFTART,hodooi
HOD,dark-frontiers
DARK,bit-store
STORE,bitcoinz
BTCZ,troll-face
TROLL,woodcoin
LOG,deepfakeai
FAKEAI,samsunspor-fan-token
SAM,publicmint
UTNP,hyve
HYVE,clube-atletico-mineiro-fan-token
GALO,dummy
DUMMY,polytrade
TRADE,bonuscloud
BXC,oraclechain
EMC,iocoin
IOC,stobox-token
STBU,ferma-sosedi
FERMA,istanbul-basaksehir-fan-token
IBFK,gosleep
ZZZ,swingby
SWINGBY,musicn
FERC,lodestar
LODE,blank-wallet
BLANK,mettalex
MTLX,salad
SALD,nftb
NFTB,arcona
ARCONA,crowdswap
CROWD,riodefi
RFUEL,solfarmio
TULIP,lynkey
LYNK,freeross
SLUG,zclassic
ZCL,tuf-token
TUF,charactbit
CHB,woonkly-power
WOOP,fairtrader
FTP,mogul-productions
HNST,meshbox
MESH,pepe-ai-token
PEPEAI,epikprotocol
AIEPK,dprating
RATING,nucleus
NCASH,nftlaunch
NFTL,pathdao
PATH,pulsepad
PLSPAD,xencrypto
bXEN,il-capo-of-crypto
CAPO,unfederalreserve
ERSDL,florin
XFL,cornichon
CORN,ai-x
X,cirusfoundation
CIRUS,kattana
KTN,lamden
TAU,arteq
ARTEQ,efx
EFX,aipad
AIPAD,lunar-new
LNR,roco-finance
ROCO,optionroom
ROOM,typeit
TYPE,flux-protocol
HTML,taki
TAKI,rizon
ATOLO,feathercoin
FTC,flypme
FYP,prnt
PRNT,unmarshal
MARSH,monero-v
XMV,ndx
DEX,pumapay
PMA,dogecube
DOGECUBE,hempcoin
THC,dragonmaster-dmt
SPO,wesendit
WSI,swash
SWASH,cryptoblades
SKILL,angle-protocol
ANGLE,jk-coin
JK,blackhat-coin
BLKC,formula-inu
FINU,moontoken
MOON,ubiq
UBQ,gstcoin
BPRIVA,stakecubecoin
SCC,strongblock
STRONG,glitch-protocol
GLCH,dogtoken
DOG,amepay
AME,meetpleio
MPT,young-boys-fan-token
YBO,leeds-united-fan-token
LUFC,scala
XLA,zap
ZAP,frakt-token
FRKT,pikaster
MLS,truefeedback
TFBX,unimex-network
UMX,gold-fever
NGL,plotx
PLOT,ubix
UBX,bemchain
TONC,city-tycoon
JP,nftprotocol
GLFT,ryoshi-inu
INU,turing-ai
TIC,ai-network
AIN,metaplay
MPLAY,bloomtoken
BLT,mintcoin
ZEFU,tidex-token
TDX,duckies-canary-network
DUCKIES,sovranocoin
SVR,assetmantle
MNTL,razenetwork
RAZE,shido-inu
HAHA,cryptozoon
ZOON,pimoon
PIMOON,laelaps
LAELAPS,satoxcoin
SATOX,dexcheck
DCK,refereum
RFR,openleverage
OLE,cyclone
CYC,handy
HANDY,pomerium-pmg
PMG,the-skytoken
BASE,bismuth
BIS,derp-coin
DERP,litescribe
LITE,safeblast
BLAST,oikos
OKS,ether-1
ETHO,bitball
BTB,pixie
PIX,unbound
UNB,xbtc
XBTC,yfdaifinance
YFDAI,quark
QRK,assangedao
JUSTICE,new-order
NEWO,smartcash
SMART,crypto-cavemen
CAVE,mass
MASS,dawn
DAWN,magiccraft
MCRT,sembako-token
SBT,vidycoin
VIDY,tradeflow
TFLOW,astro
CPT,suipad
SUIP,tiger-king
TKING,bitcoin-plus
XBC,suia
SUIA,atromg8
AG8,contentbox
BOX,manna
MANNA,tycoon
TYC,babypepe
BABYPEPE,fractal
FCL,trava-finance
TRAVA,linkatoken
LINKA,dexacoin
DEXA,ogsminem
OGSM,eurocoin-token
ECTE,snetwork
SNET,smileycoin
SMLY,ultrain
UGAS,powertrade
PTF,mechachain
MECHA,coremultichaintoken
CMCX,loser-coin
LOWB,the-nemesis
NEMS,entropy
ENT,hedgettoken
HGET,natus-vincere-fan-token
NAVI,mezz-token
MEZZ,redcommunitytoken
RED,kumadex-token
DKUMA,x8xtoken
X8X,blocto
ZAT,cloakcoin
CLOAK,noot
NOOT,sync-network
SYNC,keeperdao
ROOK,libra-credit
LBA,triumphx
TRIX,polkergame
PKR,wagmi1
WAGMI,baby-floki
BabyFloki,cyberfi
CFI,revolve-games
SHIBX,unido
UDO,scry
DDD,doge-ceo
DOGECEO,pepexl
PEPEXL,planetwatch
PLANETS,terracoin
TRC,bullbear-ai
AIBB,binamon
BMON,allbestico
ALLBI,patientory
PTOY,punchword
PUNCH,balpha
BALPHA,cradle-of-sins
OST,tokoin
TOKO,htb
HTB,denarius-dnr
DNR,piratecash
PIRATE,sak3
SAK3,eve-exchange
EVE,don-key
DON,fabwelt
WELT,neural-radiance-fied
NERF,mbd-financials
MBD,carbon
CRBN,kermitthecoin
KERMIT,lambo-coin
LAMBO,intchain
INT,locgame
LOCG,bank
WZRD,velhalla
SCAR,revuto
REVU,hot-cross
HOTCROSS,piedao-dough-v2
DOUGH,virtue-poker
VPP,88mph
MPH,kirobo
KIRO,goldendoge
GDOGE,xp-network
XPNET,whole-earth
WEC,cloudtx
CLOUD,dogai
DOGAI,generational-wealth
GEN,phoenixdao
PHNX,bridge-mutual
BMI,janus-network
JNS,typerium
SAFEREUM,vizslaswap
VIZSLASWAP,kdg
KDG,falconswap
FSW,satt
SATT,polkacity
POLC,liondex
LION,nakabodhi
NBOT,rainbow-token
RBW,rushcoin
RUSH,gbank-apy
GBK,woozoo-music
WZM,acuteangle
AAC,baby-pepe-floki
BPEPEF,bobo
